Year,Quarter,Month,Day,Sum of Close
2019,Qtr 4,December,10,187.1999969482422
2019,Qtr 4,December,11,187.14999389648438
2019,Qtr 4,December,12,190.14999389648438
2019,Qtr 4,December,13,196.25
2019,Qtr 4,December,16,192.60000610351562
2019,Qtr 4,December,17,196.1999969482422
2019,Qtr 4,December,18,197.75
2019,Qtr 4,December,19,196.89999389648438
2019,Qtr 4,December,20,200.8000030517578
2019,Qtr 4,December,23,197.25
2019,Qtr 4,December,24,198.9499969482422
2019,Qtr 4,December,26,197.3000030517578
2019,Qtr 4,December,27,203.5
2019,Qtr 4,December,30,205.8000030517578
2019,Qtr 4,December,31,211.35000610351562
2020,Qtr 1,January,1,211.9499969482422
2020,Qtr 1,January,2,211.10000610351562
2020,Qtr 1,January,3,211.85000610351562
2020,Qtr 1,January,6,205.6999969482422
2020,Qtr 1,January,7,205.6999969482422
2020,Qtr 1,January,8,200.1999969482422
2020,Qtr 1,January,9,198
2020,Qtr 1,January,10,205.3000030517578
2020,Qtr 1,January,13,211.5500030517578
2020,Qtr 1,January,14,212.9499969482422
2020,Qtr 1,January,15,212.4499969482422
2020,Qtr 1,January,16,210.25
2020,Qtr 1,January,17,207.89999389648438
2020,Qtr 1,January,20,201.14999389648438
2020,Qtr 1,January,21,202.14999389648438
2020,Qtr 1,January,22,191.89999389648438
2020,Qtr 1,January,23,190.75
2020,Qtr 1,January,24,193.9499969482422
2020,Qtr 1,January,27,193.35000610351562
2020,Qtr 1,January,28,189.14999389648438
2020,Qtr 1,January,29,191.0500030517578
2020,Qtr 1,January,30,187.9499969482422
2020,Qtr 1,January,31,181.6999969482422
2020,Qtr 1,February,3,178.64999389648438
2020,Qtr 1,February,4,182.5
2020,Qtr 1,February,5,179.25
2020,Qtr 1,February,6,179.9499969482422
2020,Qtr 1,February,7,185.0500030517578
2020,Qtr 1,February,10,178.85000610351562
2020,Qtr 1,February,11,179.35000610351562
2020,Qtr 1,February,12,180.3000030517578
2020,Qtr 1,February,13,177.8000030517578
2020,Qtr 1,February,14,174.75
2020,Qtr 1,February,17,167.85000610351562
2020,Qtr 1,February,18,171.85000610351562
2020,Qtr 1,February,19,177.75
2020,Qtr 1,February,20,179.35000610351562
2020,Qtr 1,February,24,174.85000610351562
2020,Qtr 1,February,25,175.10000610351562
2020,Qtr 1,February,26,173.8000030517578
2020,Qtr 1,February,27,174.10000610351562
2020,Qtr 1,February,28,168.39999389648438
2020,Qtr 1,March,2,169.35000610351562
2020,Qtr 1,March,3,178.1999969482422
2020,Qtr 1,March,4,178.10000610351562
2020,Qtr 1,March,5,177.14999389648438
2020,Qtr 1,March,6,168.75
2020,Qtr 1,March,9,157.9499969482422
2020,Qtr 1,March,11,168
2020,Qtr 1,March,12,154.5500030517578
2020,Qtr 1,March,13,154.10000610351562
2020,Qtr 1,March,16,143.89999389648438
2020,Qtr 1,March,17,145.89999389648438
2020,Qtr 1,March,18,145.0500030517578
2020,Qtr 1,March,19,123.55000305175781
2020,Qtr 1,March,20,132.8000030517578
2020,Qtr 1,March,23,127.8499984741211
2020,Qtr 1,March,24,127.8499984741211
2020,Qtr 1,March,25,124.5
2020,Qtr 1,March,26,123.25
2020,Qtr 1,March,27,131.6999969482422
2020,Qtr 1,March,30,133.14999389648438
2020,Qtr 1,March,31,140.0500030517578
2020,Qtr 2,April,1,139.4499969482422
2020,Qtr 2,April,3,137.75
2020,Qtr 2,April,7,140.14999389648438
2020,Qtr 2,April,8,137.35000610351562
2020,Qtr 2,April,9,140.8000030517578
2020,Qtr 2,April,13,145.89999389648438
2020,Qtr 2,April,15,146.85000610351562
2020,Qtr 2,April,16,147.39999389648438
2020,Qtr 2,April,17,148.75
2020,Qtr 2,April,20,144.1999969482422
2020,Qtr 2,April,21,139
2020,Qtr 2,April,22,140.6999969482422
2020,Qtr 2,April,23,140.89999389648438
2020,Qtr 2,April,24,137
2020,Qtr 2,April,27,138.10000610351562
2020,Qtr 2,April,28,135.39999389648438
2020,Qtr 2,April,29,139.85000610351562
2020,Qtr 2,April,30,148.5
2020,Qtr 2,May,4,142.3000030517578
2020,Qtr 2,May,5,138
2020,Qtr 2,May,6,133.75
2020,Qtr 2,May,7,130.8000030517578
2020,Qtr 2,May,8,129
2020,Qtr 2,May,11,128.4499969482422
2020,Qtr 2,May,12,126.8499984741211
2020,Qtr 2,May,13,130.60000610351562
2020,Qtr 2,May,14,128.64999389648438
2020,Qtr 2,May,15,129.60000610351562
2020,Qtr 2,May,18,121.69999694824219
2020,Qtr 2,May,19,123.5999984741211
2020,Qtr 2,May,20,123.25
2020,Qtr 2,May,21,124.5
2020,Qtr 2,May,22,125.19999694824219
2020,Qtr 2,May,26,127.25
2020,Qtr 2,May,27,130.8000030517578
2020,Qtr 2,May,28,133.89999389648438
2020,Qtr 2,May,29,141.3000030517578
2020,Qtr 2,June,1,148.5500030517578
2020,Qtr 2,June,2,143.39999389648438
2020,Qtr 2,June,3,141.6999969482422
2020,Qtr 2,June,4,140.25
2020,Qtr 2,June,5,144.85000610351562
2020,Qtr 2,June,8,146.6999969482422
2020,Qtr 2,June,9,144.3000030517578
2020,Qtr 2,June,10,140.6999969482422
2020,Qtr 2,June,11,137.6999969482422
2020,Qtr 2,June,12,134.64999389648438
2020,Qtr 2,June,15,132.10000610351562
2020,Qtr 2,June,16,131.14999389648438
2020,Qtr 2,June,17,129.4499969482422
2020,Qtr 2,June,18,137.60000610351562
2020,Qtr 2,June,19,137.25
2020,Qtr 2,June,22,143.64999389648438
2020,Qtr 2,June,23,143.85000610351562
2020,Qtr 2,June,24,141.5500030517578
2020,Qtr 2,June,25,140.39999389648438
2020,Qtr 2,June,26,142.10000610351562
2020,Qtr 2,June,29,134.85000610351562
2020,Qtr 2,June,30,132.85000610351562
2020,Qtr 3,July,1,133.85000610351562
2020,Qtr 3,July,2,133.60000610351562
2020,Qtr 3,July,3,135.25
2020,Qtr 3,July,6,135.85000610351562
2020,Qtr 3,July,7,132.85000610351562
2020,Qtr 3,July,8,132.85000610351562
2020,Qtr 3,July,9,130.39999389648438
2020,Qtr 3,July,10,131.1999969482422
2020,Qtr 3,July,13,130.5
2020,Qtr 3,July,14,128.25
2020,Qtr 3,July,15,128
2020,Qtr 3,July,16,126.1500015258789
2020,Qtr 3,July,17,130.60000610351562
2020,Qtr 3,July,20,133
2020,Qtr 3,July,21,133.10000610351562
2020,Qtr 3,July,22,134.10000610351562
2020,Qtr 3,July,23,133.4499969482422
2020,Qtr 3,July,24,131.60000610351562
2020,Qtr 3,July,27,129.9499969482422
2020,Qtr 3,July,28,130.4499969482422
2020,Qtr 3,July,29,131.1999969482422
2020,Qtr 3,July,30,128.60000610351562
2020,Qtr 3,July,31,129.25
2020,Qtr 3,August,3,128.39999389648438
2020,Qtr 3,August,4,128.75
2020,Qtr 3,August,5,128.4499969482422
2020,Qtr 3,August,6,128.85000610351562
2020,Qtr 3,August,7,129.75
2020,Qtr 3,August,10,129.25
2020,Qtr 3,August,11,130.10000610351562
2020,Qtr 3,August,12,128.6999969482422
2020,Qtr 3,August,13,128.9499969482422
2020,Qtr 3,August,14,131.85000610351562
2020,Qtr 3,August,17,136
2020,Qtr 3,August,18,136.64999389648438
2020,Qtr 3,August,19,135.10000610351562
2020,Qtr 3,August,20,138.5
2020,Qtr 3,August,21,139.5
2020,Qtr 3,August,24,139.8000030517578
2020,Qtr 3,August,25,140.4499969482422
2020,Qtr 3,August,26,141.9499969482422
2020,Qtr 3,August,27,140.5500030517578
2020,Qtr 3,August,28,139.0500030517578
2020,Qtr 3,August,31,134.35000610351562
2020,Qtr 3,September,1,133.4499969482422
2020,Qtr 3,September,2,136.3000030517578
2020,Qtr 3,September,3,135.6999969482422
2020,Qtr 3,September,4,132.4499969482422
2020,Qtr 3,September,7,131.9499969482422
2020,Qtr 3,September,8,129.9499969482422
2020,Qtr 3,September,9,126.94999694824219
2020,Qtr 3,September,10,126.6500015258789
2020,Qtr 3,September,11,125.0999984741211
2020,Qtr 3,September,14,124.94999694824219
2020,Qtr 3,September,15,124.0999984741211
2020,Qtr 3,September,16,123.8499984741211
2020,Qtr 3,September,17,124.30000305175781
2020,Qtr 3,September,18,123.6500015258789
2020,Qtr 3,September,21,121.6500015258789
2020,Qtr 3,September,22,119.55000305175781
2020,Qtr 3,September,23,121.05000305175781
2020,Qtr 3,September,24,115.69999694824219
2020,Qtr 3,September,25,117.0999984741211
2020,Qtr 3,September,28,120
2020,Qtr 3,September,29,117.6500015258789
2020,Qtr 3,September,30,116
2020,Qtr 4,October,1,117.25
2020,Qtr 4,October,5,118.4000015258789
2020,Qtr 4,October,6,116.80000305175781
2020,Qtr 4,October,7,114.44999694824219
2020,Qtr 4,October,8,113.30000305175781
2020,Qtr 4,October,9,114.9000015258789
2020,Qtr 4,October,12,113.19999694824219
2020,Qtr 4,October,13,113.8499984741211
2020,Qtr 4,October,14,110.55000305175781
2020,Qtr 4,October,15,110.5999984741211
2020,Qtr 4,October,16,111.3499984741211
2020,Qtr 4,October,19,114.69999694824219
2020,Qtr 4,October,20,113.6500015258789
2020,Qtr 4,October,21,115.0999984741211
2020,Qtr 4,October,22,115.80000305175781
2020,Qtr 4,October,23,117.69999694824219
2020,Qtr 4,October,26,114.55000305175781
2020,Qtr 4,October,27,113.94999694824219
2020,Qtr 4,October,28,112.69999694824219
2020,Qtr 4,October,29,110.8499984741211
2020,Qtr 4,October,30,114.19999694824219
2020,Qtr 4,November,2,115.69999694824219
2020,Qtr 4,November,3,116.5
2020,Qtr 4,November,4,114.80000305175781
2020,Qtr 4,November,5,119.8499984741211
2020,Qtr 4,November,6,121.80000305175781
2020,Qtr 4,November,9,121.75
2020,Qtr 4,November,10,124.80000305175781
2020,Qtr 4,November,11,125.8499984741211
2020,Qtr 4,November,12,122.0999984741211
2020,Qtr 4,November,13,125.9000015258789
2020,Qtr 4,November,14,127.0999984741211
2020,Qtr 4,November,17,128.6999969482422
2020,Qtr 4,November,18,128.25
2020,Qtr 4,November,19,122.05000305175781
2020,Qtr 4,November,20,121.44999694824219
2020,Qtr 4,November,23,122.75
2020,Qtr 4,November,24,123.25
2020,Qtr 4,November,25,123.94999694824219
2020,Qtr 4,November,26,125.05000305175781
2020,Qtr 4,November,27,125.55000305175781
2020,Qtr 4,December,1,126.4000015258789
2020,Qtr 4,December,2,129.75
2020,Qtr 4,December,3,133.4499969482422
2020,Qtr 4,December,4,133.3000030517578
2020,Qtr 4,December,7,136.8000030517578
2020,Qtr 4,December,8,134.25
2020,Qtr 4,December,9,134.6999969482422
2020,Qtr 4,December,10,134.85000610351562
2020,Qtr 4,December,11,138.25
2020,Qtr 4,December,14,143.35000610351562
2020,Qtr 4,December,15,143.10000610351562
2020,Qtr 4,December,16,145.5
2020,Qtr 4,December,17,143.4499969482422
2020,Qtr 4,December,18,141.6999969482422
2020,Qtr 4,December,21,132.9499969482422
2020,Qtr 4,December,22,135.5
2020,Qtr 4,December,23,135.0500030517578
2020,Qtr 4,December,24,136.25
2020,Qtr 4,December,28,137.64999389648438
2020,Qtr 4,December,29,135.10000610351562
2020,Qtr 4,December,30,135.60000610351562
2020,Qtr 4,December,31,135.4499969482422
2021,Qtr 1,January,1,135.35000610351562
2021,Qtr 1,January,4,137.25
2021,Qtr 1,January,5,135.14999389648438
2021,Qtr 1,January,6,135.10000610351562
2021,Qtr 1,January,7,136.5
2021,Qtr 1,January,8,139.6999969482422
2021,Qtr 1,January,11,141.6999969482422
2021,Qtr 1,January,12,146.64999389648438
2021,Qtr 1,January,13,145.8000030517578
2021,Qtr 1,January,14,146.64999389648438
2021,Qtr 1,January,15,143.25
2021,Qtr 1,January,18,138.6999969482422
2021,Qtr 1,January,19,140.10000610351562
2021,Qtr 1,January,20,141.5
2021,Qtr 1,January,21,137.35000610351562
2021,Qtr 1,January,22,133.1999969482422
2021,Qtr 1,January,25,131.85000610351562
2021,Qtr 1,January,27,129.14999389648438
2021,Qtr 1,January,28,128.1999969482422
2021,Qtr 1,January,29,125.9000015258789
2021,Qtr 1,February,1,129
2021,Qtr 1,February,2,131.25
2021,Qtr 1,February,3,137.25
2021,Qtr 1,February,4,143.60000610351562
2021,Qtr 1,February,5,140.85000610351562
2021,Qtr 1,February,8,141.5500030517578
2021,Qtr 1,February,9,139.25
2021,Qtr 1,February,10,138.3000030517578
2021,Qtr 1,February,11,137.14999389648438
2021,Qtr 1,February,12,133.85000610351562
2021,Qtr 1,February,15,132.25
2021,Qtr 1,February,16,133.75
2021,Qtr 1,February,17,135.1999969482422
2021,Qtr 1,February,18,139.9499969482422
2021,Qtr 1,February,19,139.25
2021,Qtr 1,February,22,136.25
2021,Qtr 1,February,23,136.89999389648438
2021,Qtr 1,February,24,144.39999389648438
2021,Qtr 1,February,25,156.10000610351562
2021,Qtr 1,February,26,152.1999969482422
2021,Qtr 1,March,1,154.35000610351562
2021,Qtr 1,March,2,153.39999389648438
2021,Qtr 1,March,3,154.89999389648438
2021,Qtr 1,March,4,152.0500030517578
2021,Qtr 1,March,5,151.10000610351562
2021,Qtr 1,March,8,153.14999389648438
2021,Qtr 1,March,9,151.6999969482422
2021,Qtr 1,March,10,150.9499969482422
2021,Qtr 1,March,12,150.5
2021,Qtr 1,March,15,146.89999389648438
2021,Qtr 1,March,16,145.6999969482422
2021,Qtr 1,March,17,139.85000610351562
2021,Qtr 1,March,18,137.0500030517578
2021,Qtr 1,March,19,136.3000030517578
2021,Qtr 1,March,22,135.64999389648438
2021,Qtr 1,March,23,135.25
2021,Qtr 1,March,24,132.3000030517578
2021,Qtr 1,March,25,128.10000610351562
2021,Qtr 1,March,26,129.60000610351562
2021,Qtr 1,March,30,132.9499969482422
2021,Qtr 1,March,31,130.35000610351562
2021,Qtr 2,April,1,132.14999389648438
2021,Qtr 2,April,5,129.8000030517578
2021,Qtr 2,April,6,130.3000030517578
2021,Qtr 2,April,7,131.25
2021,Qtr 2,April,8,131.64999389648438
2021,Qtr 2,April,9,129.5
2021,Qtr 2,April,12,124.69999694824219
2021,Qtr 2,April,13,127.94999694824219
2021,Qtr 2,April,15,128.25
2021,Qtr 2,April,16,127.8499984741211
2021,Qtr 2,April,19,124.5999984741211
2021,Qtr 2,April,20,124.5
2021,Qtr 2,April,22,125.05000305175781
2021,Qtr 2,April,23,126.1500015258789
2021,Qtr 2,April,26,126.94999694824219
2021,Qtr 2,April,27,127.5
2021,Qtr 2,April,28,128.5
2021,Qtr 2,April,29,128.0500030517578
2021,Qtr 2,April,30,133.0500030517578
2021,Qtr 2,May,3,132.1999969482422
2021,Qtr 2,May,4,132.8000030517578
2021,Qtr 2,May,5,133.14999389648438
2021,Qtr 2,May,6,134.60000610351562
2021,Qtr 2,May,7,136.85000610351562
2021,Qtr 2,May,10,147.0500030517578
2021,Qtr 2,May,11,155.6999969482422
2021,Qtr 2,May,12,153.5
2021,Qtr 2,May,14,146.8000030517578
2021,Qtr 2,May,17,148.14999389648438
2021,Qtr 2,May,18,146.4499969482422
2021,Qtr 2,May,19,151.85000610351562
2021,Qtr 2,May,20,146.64999389648438
2021,Qtr 2,May,21,147.1999969482422
2021,Qtr 2,May,24,148.89999389648438
2021,Qtr 2,May,25,147.4499969482422
2021,Qtr 2,May,26,145.6999969482422
2021,Qtr 2,May,27,144.5500030517578
2021,Qtr 2,May,28,146.89999389648438
2021,Qtr 2,May,31,147.6999969482422
2021,Qtr 2,June,1,147.60000610351562
2021,Qtr 2,June,2,149.10000610351562
2021,Qtr 2,June,3,149.0500030517578
2021,Qtr 2,June,4,153.10000610351562
2021,Qtr 2,June,7,156.25
2021,Qtr 2,June,8,156
2021,Qtr 2,June,9,156.39999389648438
2021,Qtr 2,June,10,156.5
2021,Qtr 2,June,11,162.64999389648438
2021,Qtr 2,June,14,159.35000610351562
2021,Qtr 2,June,15,157.14999389648438
2021,Qtr 2,June,16,155.5500030517578
2021,Qtr 2,June,17,152.14999389648438
2021,Qtr 2,June,18,146.39999389648438
2021,Qtr 2,June,21,147.5
2021,Qtr 2,June,22,148.6999969482422
2021,Qtr 2,June,23,148.4499969482422
2021,Qtr 2,June,24,146.39999389648438
2021,Qtr 2,June,25,148.75
2021,Qtr 2,June,28,147.1999969482422
2021,Qtr 2,June,29,144.5
2021,Qtr 2,June,30,146.64999389648438
2021,Qtr 3,July,1,145.64999389648438
2021,Qtr 3,July,2,147.64999389648438
2021,Qtr 3,July,5,149.89999389648438
2021,Qtr 3,July,6,147.5
2021,Qtr 3,July,7,147.5500030517578
2021,Qtr 3,July,8,146.25
2021,Qtr 3,July,9,146.6999969482422
2021,Qtr 3,July,12,146.39999389648438
2021,Qtr 3,July,13,148.10000610351562
2021,Qtr 3,July,14,148.14999389648438
2021,Qtr 3,July,15,146.6999969482422
2021,Qtr 3,July,16,145.5500030517578
2021,Qtr 3,July,19,144.4499969482422
2021,Qtr 3,July,20,142.89999389648438
2021,Qtr 3,July,22,144.6999969482422
2021,Qtr 3,July,23,144.10000610351562
2021,Qtr 3,July,26,144
2021,Qtr 3,July,27,142.4499969482422
2021,Qtr 3,July,28,144.0500030517578
2021,Qtr 3,July,29,142.14999389648438
2021,Qtr 3,July,30,143.3000030517578
2021,Qtr 3,August,2,143.89999389648438
2021,Qtr 3,August,3,144.25
2021,Qtr 3,August,4,144.6999969482422
2021,Qtr 3,August,5,145.4499969482422
2021,Qtr 3,August,6,146.10000610351562
2021,Qtr 3,August,9,143.25
2021,Qtr 3,August,10,142.1999969482422
2021,Qtr 3,August,11,143.9499969482422
2021,Qtr 3,August,12,144.39999389648438
2021,Qtr 3,August,13,143.75
2021,Qtr 3,August,16,142
2021,Qtr 3,August,17,139.25
2021,Qtr 3,August,18,138.35000610351562
2021,Qtr 3,August,20,135.60000610351562
2021,Qtr 3,August,23,133.9499969482422
2021,Qtr 3,August,24,136.1999969482422
2021,Qtr 3,August,25,138.85000610351562
2021,Qtr 3,August,26,137.3000030517578
2021,Qtr 3,August,27,138.5500030517578
2021,Qtr 3,August,30,143.60000610351562
2021,Qtr 3,August,31,145.85000610351562
2021,Qtr 3,September,1,144.1999969482422
2021,Qtr 3,September,2,141.60000610351562
2021,Qtr 3,September,3,146.35000610351562
2021,Qtr 3,September,6,146.35000610351562
2021,Qtr 3,September,7,147.1999969482422
2021,Qtr 3,September,8,149.14999389648438
2021,Qtr 3,September,9,148.64999389648438
2021,Qtr 3,September,13,154.60000610351562
2021,Qtr 3,September,14,154.6999969482422
2021,Qtr 3,September,15,161.0500030517578
2021,Qtr 3,September,16,162.3000030517578
2021,Qtr 3,September,17,156.6999969482422
2021,Qtr 3,September,20,154.1999969482422
2021,Qtr 3,September,21,156.39999389648438
2021,Qtr 3,September,22,162.10000610351562
2021,Qtr 3,September,23,167.35000610351562
2021,Qtr 3,September,24,166.10000610351562
2021,Qtr 3,September,27,167.0500030517578
2021,Qtr 3,September,28,174.5500030517578
2021,Qtr 3,September,29,185.6999969482422
2021,Qtr 3,September,30,185.10000610351562
2021,Qtr 4,October,1,188.6999969482422
2021,Qtr 4,October,4,189.9499969482422
2021,Qtr 4,October,5,197.9499969482422
2021,Qtr 4,October,6,192.85000610351562
2021,Qtr 4,October,7,190.6999969482422
2021,Qtr 4,October,8,188.4499969482422
2021,Qtr 4,October,11,196.85000610351562
2021,Qtr 4,October,12,193.3000030517578
2021,Qtr 4,October,13,190.0500030517578
2021,Qtr 4,October,14,183.8000030517578
2021,Qtr 4,October,18,185.3000030517578
2021,Qtr 4,October,19,184.5
2021,Qtr 4,October,20,180.5
2021,Qtr 4,October,21,182.39999389648438
2021,Qtr 4,October,22,175.89999389648438
2021,Qtr 4,October,25,174.10000610351562
2021,Qtr 4,October,26,175.0500030517578
2021,Qtr 4,October,27,173.60000610351562
2021,Qtr 4,October,28,166.5500030517578
2021,Qtr 4,October,29,164.4499969482422
2021,Qtr 4,November,1,170.75
2021,Qtr 4,November,2,169.1999969482422
2021,Qtr 4,November,3,169.75
2021,Qtr 4,November,4,170.6999969482422
2021,Qtr 4,November,8,171.6999969482422
2021,Qtr 4,November,9,170.5
2021,Qtr 4,November,10,166.6999969482422
2021,Qtr 4,November,11,167
2021,Qtr 4,November,12,166.9499969482422
2021,Qtr 4,November,15,159.75
2021,Qtr 4,November,16,159.0500030517578
2021,Qtr 4,November,17,156.10000610351562
2021,Qtr 4,November,18,153.39999389648438
2021,Qtr 4,November,22,150.5500030517578
2021,Qtr 4,November,23,156.1999969482422
2021,Qtr 4,November,24,159.10000610351562
2021,Qtr 4,November,25,158.5500030517578
2021,Qtr 4,November,26,155.89999389648438
2021,Qtr 4,November,29,154.25
2021,Qtr 4,November,30,152
2021,Qtr 4,December,1,155.5500030517578
2021,Qtr 4,December,2,159.3000030517578
2021,Qtr 4,December,3,159.75
2021,Qtr 4,December,6,148.5500030517578
2021,Qtr 4,December,7,150.64999389648438
2021,Qtr 4,December,8,150.89999389648438
2021,Qtr 4,December,9,152.64999389648438
2021,Qtr 4,December,10,151.3000030517578
2021,Qtr 4,December,13,149
2021,Qtr 4,December,14,148.89999389648438
2021,Qtr 4,December,15,148.10000610351562
2021,Qtr 4,December,16,149.75
2021,Qtr 4,December,17,146.4499969482422
2021,Qtr 4,December,20,140.6999969482422
2021,Qtr 4,December,21,144.64999389648438
2021,Qtr 4,December,22,145.35000610351562
2021,Qtr 4,December,23,147.6999969482422
2021,Qtr 4,December,24,145.89999389648438
2021,Qtr 4,December,27,146.0500030517578
2021,Qtr 4,December,28,148.85000610351562
2021,Qtr 4,December,29,146.75
2021,Qtr 4,December,30,146.1999969482422
2021,Qtr 4,December,31,146.0500030517578
2022,Qtr 1,January,3,155.3000030517578
2022,Qtr 1,January,4,153
2022,Qtr 1,January,5,153.6999969482422
2022,Qtr 1,January,6,154.64999389648438
2022,Qtr 1,January,7,156.9499969482422
2022,Qtr 1,January,10,160.6999969482422
2022,Qtr 1,January,11,158.5500030517578
2022,Qtr 1,January,12,159.35000610351562
2022,Qtr 1,January,13,164.75
2022,Qtr 1,January,14,164.75
2022,Qtr 1,January,17,163.6999969482422
2022,Qtr 1,January,18,160.8000030517578
2022,Qtr 1,January,19,163.89999389648438
2022,Qtr 1,January,20,165.0500030517578
2022,Qtr 1,January,21,158.75
2022,Qtr 1,January,24,156.3000030517578
2022,Qtr 1,January,25,161.14999389648438
2022,Qtr 1,January,27,160.5500030517578
2022,Qtr 1,January,28,161.64999389648438
2022,Qtr 1,January,31,159.8000030517578
2022,Qtr 1,February,1,163.0500030517578
2022,Qtr 1,February,2,163.85000610351562
2022,Qtr 1,February,3,161.3000030517578
2022,Qtr 1,February,4,160.39999389648438
2022,Qtr 1,February,7,160.9499969482422
2022,Qtr 1,February,8,159.9499969482422
2022,Qtr 1,February,9,168.60000610351562
2022,Qtr 1,February,10,168.0500030517578
2022,Qtr 1,February,11,166.5
2022,Qtr 1,February,14,161.64999389648438
2022,Qtr 1,February,15,163.64999389648438
2022,Qtr 1,February,16,163.85000610351562
2022,Qtr 1,February,17,163.0500030517578
2022,Qtr 1,February,18,167.3000030517578
2022,Qtr 1,February,21,161.1999969482422
2022,Qtr 1,February,22,159.89999389648438
2022,Qtr 1,February,23,158.5
2022,Qtr 1,February,24,150
2022,Qtr 1,February,25,163.4499969482422
2022,Qtr 1,February,28,169.5500030517578
2022,Qtr 1,March,2,184.8000030517578
2022,Qtr 1,March,3,188.9499969482422
2022,Qtr 1,March,4,181
2022,Qtr 1,March,7,188.6999969482422
2022,Qtr 1,March,8,189.14999389648438
2022,Qtr 1,March,9,186.64999389648438
2022,Qtr 1,March,10,178.9499969482422
2022,Qtr 1,March,11,181.75
2022,Qtr 1,March,14,180.35000610351562
2022,Qtr 1,March,15,172.89999389648438
2022,Qtr 1,March,16,176.89999389648438
2022,Qtr 1,March,17,176.5500030517578
2022,Qtr 1,March,21,182.3000030517578
2022,Qtr 1,March,22,183.35000610351562
2022,Qtr 1,March,23,183.0500030517578
2022,Qtr 1,March,24,187.39999389648438
2022,Qtr 1,March,25,186.10000610351562
2022,Qtr 1,March,28,191.25
2022,Qtr 1,March,29,186
2022,Qtr 1,March,30,182.89999389648438
2022,Qtr 1,March,31,183.0500030517578
2022,Qtr 2,April,1,186.14999389648438
2022,Qtr 2,April,4,187.75
2022,Qtr 2,April,5,187.89999389648438
2022,Qtr 2,April,6,193.85000610351562
2022,Qtr 2,April,7,190.75
2022,Qtr 2,April,8,194.5500030517578
2022,Qtr 2,April,11,196.39999389648438
2022,Qtr 2,April,12,186
2022,Qtr 2,April,13,186.60000610351562
2022,Qtr 2,April,18,189.4499969482422
2022,Qtr 2,April,19,197.75
2022,Qtr 2,April,20,199.10000610351562
2022,Qtr 2,April,21,206.89999389648438
2022,Qtr 2,April,22,202.14999389648438
2022,Qtr 2,April,25,188.4499969482422
2022,Qtr 2,April,26,191.39999389648438
2022,Qtr 2,April,27,187.5
2022,Qtr 2,April,28,190.25
2022,Qtr 2,April,29,182.85000610351562
2022,Qtr 2,May,2,187.64999389648438
2022,Qtr 2,May,4,187.35000610351562
2022,Qtr 2,May,5,185.85000610351562
2022,Qtr 2,May,6,187.39999389648438
2022,Qtr 2,May,9,183.0500030517578
2022,Qtr 2,May,10,170.0500030517578
2022,Qtr 2,May,11,169.85000610351562
2022,Qtr 2,May,12,167.0500030517578
2022,Qtr 2,May,13,168.6999969482422
2022,Qtr 2,May,16,171.6999969482422
2022,Qtr 2,May,17,184.5500030517578
2022,Qtr 2,May,18,185.5500030517578
2022,Qtr 2,May,19,181.1999969482422
2022,Qtr 2,May,20,185.9499969482422
2022,Qtr 2,May,23,184.3000030517578
2022,Qtr 2,May,24,182.35000610351562
2022,Qtr 2,May,25,180.6999969482422
2022,Qtr 2,May,26,183.25
2022,Qtr 2,May,27,181.85000610351562
2022,Qtr 2,May,30,187.1999969482422
2022,Qtr 2,May,31,192.89999389648438
2022,Qtr 2,June,1,196.0500030517578
2022,Qtr 2,June,2,198.1999969482422
2022,Qtr 2,June,3,197
2022,Qtr 2,June,6,194.85000610351562
2022,Qtr 2,June,7,197.5500030517578
2022,Qtr 2,June,8,197.64999389648438
2022,Qtr 2,June,9,198.75
2022,Qtr 2,June,10,198.5
2022,Qtr 2,June,13,191.0500030517578
2022,Qtr 2,June,14,192.1999969482422
2022,Qtr 2,June,15,190.0500030517578
2022,Qtr 2,June,16,179.89999389648438
2022,Qtr 2,June,17,182.64999389648438
2022,Qtr 2,June,20,176.85000610351562
2022,Qtr 2,June,21,184.8000030517578
2022,Qtr 2,June,22,179.35000610351562
2022,Qtr 2,June,23,177.14999389648438
2022,Qtr 2,June,24,176.5500030517578
2022,Qtr 2,June,27,182.0500030517578
2022,Qtr 2,June,28,186.39999389648438
2022,Qtr 2,June,29,188.75
2022,Qtr 2,June,30,185.60000610351562
2022,Qtr 3,July,1,183.25
2022,Qtr 3,July,4,182.0500030517578
2022,Qtr 3,July,5,182.4499969482422
2022,Qtr 3,July,6,181.6999969482422
2022,Qtr 3,July,7,186
2022,Qtr 3,July,8,189.8000030517578
2022,Qtr 3,July,11,193.35000610351562
2022,Qtr 3,July,12,193.89999389648438
2022,Qtr 3,July,13,193.4499969482422
2022,Qtr 3,July,14,192
2022,Qtr 3,July,15,193.39999389648438
2022,Qtr 3,July,18,195.60000610351562
2022,Qtr 3,July,19,198.25
2022,Qtr 3,July,20,197.85000610351562
2022,Qtr 3,July,21,198.60000610351562
2022,Qtr 3,July,22,197.10000610351562
2022,Qtr 3,July,25,200.89999389648438
2022,Qtr 3,July,26,202.3000030517578
2022,Qtr 3,July,27,203.4499969482422
2022,Qtr 3,July,28,202.85000610351562
2022,Qtr 3,July,29,211.25
2022,Qtr 3,August,1,212.75
2022,Qtr 3,August,2,215.25
2022,Qtr 3,August,3,212.10000610351562
2022,Qtr 3,August,4,207.14999389648438
2022,Qtr 3,August,5,208.4499969482422
2022,Qtr 3,August,8,215.39999389648438
2022,Qtr 3,August,10,219.85000610351562
2022,Qtr 3,August,11,218.60000610351562
2022,Qtr 3,August,12,221.64999389648438
2022,Qtr 3,August,16,222.89999389648438
2022,Qtr 3,August,17,221.4499969482422
2022,Qtr 3,August,18,221.75
2022,Qtr 3,August,19,217.14999389648438
2022,Qtr 3,August,22,218.3000030517578
2022,Qtr 3,August,23,222.85000610351562
2022,Qtr 3,August,24,223.64999389648438
2022,Qtr 3,August,25,224.89999389648438
2022,Qtr 3,August,26,229.9499969482422
2022,Qtr 3,August,29,230.60000610351562
2022,Qtr 3,August,30,234.8000030517578
2022,Qtr 3,September,1,230.3000030517578
2022,Qtr 3,September,2,229.3000030517578
2022,Qtr 3,September,5,231.60000610351562
2022,Qtr 3,September,6,232.6999969482422
2022,Qtr 3,September,7,238.85000610351562
2022,Qtr 3,September,8,236.4499969482422
2022,Qtr 3,September,9,237.60000610351562
2022,Qtr 3,September,12,231.5
2022,Qtr 3,September,13,231.3000030517578
2022,Qtr 3,September,14,231.9499969482422
2022,Qtr 3,September,15,234.25
2022,Qtr 3,September,16,231.0500030517578
2022,Qtr 3,September,19,229.89999389648438
2022,Qtr 3,September,20,229.85000610351562
2022,Qtr 3,September,21,231.5500030517578
2022,Qtr 3,September,22,227.0500030517578
2022,Qtr 3,September,23,222.85000610351562
2022,Qtr 3,September,26,215.5
2022,Qtr 3,September,27,213.89999389648438
2022,Qtr 3,September,28,210.8000030517578
2022,Qtr 3,September,29,213.89999389648438
2022,Qtr 3,September,30,212.25
2022,Qtr 4,October,3,214.9499969482422
2022,Qtr 4,October,4,223.25
2022,Qtr 4,October,6,233.5
2022,Qtr 4,October,7,229.6999969482422
2022,Qtr 4,October,10,229.85000610351562
2022,Qtr 4,October,11,225.4499969482422
2022,Qtr 4,October,12,232.10000610351562
2022,Qtr 4,October,13,234.5500030517578
2022,Qtr 4,October,14,236.35000610351562
2022,Qtr 4,October,17,238
2022,Qtr 4,October,18,241.6999969482422
2022,Qtr 4,October,19,238.1999969482422
2022,Qtr 4,October,20,241
2022,Qtr 4,October,21,238.6999969482422
2022,Qtr 4,October,24,240.5
2022,Qtr 4,October,25,239.9499969482422
2022,Qtr 4,October,27,240.89999389648438
2022,Qtr 4,October,28,244.39999389648438
2022,Qtr 4,October,31,245.9499969482422
2022,Qtr 4,November,1,245.64999389648438
2022,Qtr 4,November,2,245.8000030517578
2022,Qtr 4,November,3,246.1999969482422
2022,Qtr 4,November,4,246.0500030517578
2022,Qtr 4,November,7,249.5500030517578
2022,Qtr 4,November,9,255.8000030517578
2022,Qtr 4,November,10,253.60000610351562
2022,Qtr 4,November,11,253.25
2022,Qtr 4,November,14,247.1999969482422
2022,Qtr 4,November,15,232.14999389648438
2022,Qtr 4,November,16,234.89999389648438
2022,Qtr 4,November,17,232.39999389648438
2022,Qtr 4,November,18,229.5500030517578
2022,Qtr 4,November,21,229.4499969482422
2022,Qtr 4,November,22,229.10000610351562
2022,Qtr 4,November,23,230.60000610351562
2022,Qtr 4,November,24,228.5
2022,Qtr 4,November,25,231.39999389648438
2022,Qtr 4,November,28,229.85000610351562
2022,Qtr 4,November,29,227.1999969482422
2022,Qtr 4,November,30,227.25
2022,Qtr 4,December,1,226.10000610351562
2022,Qtr 4,December,2,226.60000610351562
2022,Qtr 4,December,5,231.25
2022,Qtr 4,December,6,231.64999389648438
2022,Qtr 4,December,7,229.75
2022,Qtr 4,December,8,230.39999389648438
2022,Qtr 4,December,9,228.85000610351562
2022,Qtr 4,December,12,232.39999389648438
2022,Qtr 4,December,13,231.5500030517578
2022,Qtr 4,December,14,232.14999389648438
2022,Qtr 4,December,15,228.1999969482422
2022,Qtr 4,December,16,224.64999389648438
2022,Qtr 4,December,19,227.3000030517578
2022,Qtr 4,December,20,226.10000610351562
2022,Qtr 4,December,21,223.85000610351562
2022,Qtr 4,December,22,222.6999969482422
2022,Qtr 4,December,23,215.0500030517578
2022,Qtr 4,December,26,220.75
2022,Qtr 4,December,27,221.25
2022,Qtr 4,December,28,223.1999969482422
2022,Qtr 4,December,29,221.64999389648438
2022,Qtr 4,December,30,225.0500030517578
2023,Qtr 1,January,2,224.75
2023,Qtr 1,January,3,224.10000610351562
2023,Qtr 1,January,4,217.14999389648438
2023,Qtr 1,January,5,218.14999389648438
2023,Qtr 1,January,6,214.25
2023,Qtr 1,January,9,214.9499969482422
2023,Qtr 1,January,10,216.75
2023,Qtr 1,January,11,213.39999389648438
2023,Qtr 1,January,12,213.89999389648438
2023,Qtr 1,January,13,215.10000610351562
2023,Qtr 1,January,16,213.75
2023,Qtr 1,January,17,213.10000610351562
2023,Qtr 1,January,18,216.85000610351562
2023,Qtr 1,January,19,223.9499969482422
2023,Qtr 1,January,20,227
2023,Qtr 1,January,23,230.10000610351562
2023,Qtr 1,January,24,227.60000610351562
2023,Qtr 1,January,25,226.14999389648438
2023,Qtr 1,January,27,222.39999389648438
2023,Qtr 1,January,30,225.85000610351562
2023,Qtr 1,January,31,224.85000610351562
2023,Qtr 1,February,1,220.64999389648438
2023,Qtr 1,February,2,217.64999389648438
2023,Qtr 1,February,3,218.89999389648438
2023,Qtr 1,February,6,219.60000610351562
2023,Qtr 1,February,7,219.6999969482422
2023,Qtr 1,February,8,215.5
2023,Qtr 1,February,9,214.5500030517578
2023,Qtr 1,February,10,211.5
2023,Qtr 1,February,13,213.0500030517578
2023,Qtr 1,February,14,211.75
2023,Qtr 1,February,15,212.89999389648438
2023,Qtr 1,February,16,215.4499969482422
2023,Qtr 1,February,17,217.5
2023,Qtr 1,February,20,218.3000030517578
2023,Qtr 1,February,21,214.0500030517578
2023,Qtr 1,February,22,211.85000610351562
2023,Qtr 1,February,23,214.89999389648438
2023,Qtr 1,February,24,217.0500030517578
2023,Qtr 1,February,27,216.9499969482422
2023,Qtr 1,February,28,215.39999389648438
2023,Qtr 1,March,1,218.75
2023,Qtr 1,March,2,222.85000610351562
2023,Qtr 1,March,3,222.9499969482422
2023,Qtr 1,March,6,224.89999389648438
2023,Qtr 1,March,8,224.85000610351562
2023,Qtr 1,March,9,224.8000030517578
2023,Qtr 1,March,10,224.35000610351562
2023,Qtr 1,March,13,220.8000030517578
2023,Qtr 1,March,14,221.0500030517578
2023,Qtr 1,March,15,219.89999389648438
2023,Qtr 1,March,16,220.85000610351562
2023,Qtr 1,March,17,221.64999389648438
2023,Qtr 1,March,20,217.0500030517578
2023,Qtr 1,March,21,217.0500030517578
2023,Qtr 1,March,22,213.9499969482422
2023,Qtr 1,March,23,213.35000610351562
2023,Qtr 1,March,24,208.4499969482422
2023,Qtr 1,March,27,208.39999389648438
2023,Qtr 1,March,28,208.89999389648438
2023,Qtr 1,March,29,212.9499969482422
2023,Qtr 1,March,31,213.64999389648438
2023,Qtr 2,April,3,220.14999389648438
2023,Qtr 2,April,5,222.5
2023,Qtr 2,April,6,221.6999969482422
2023,Qtr 2,April,10,222.0500030517578
2023,Qtr 2,April,11,223.64999389648438
2023,Qtr 2,April,12,227.6999969482422
2023,Qtr 2,April,13,225.5
2023,Qtr 2,April,17,229.60000610351562
2023,Qtr 2,April,18,232.1999969482422
2023,Qtr 2,April,19,230.39999389648438
2023,Qtr 2,April,20,229.5500030517578
2023,Qtr 2,April,21,230.0500030517578
2023,Qtr 2,April,24,231.5500030517578
2023,Qtr 2,April,25,230.25
2023,Qtr 2,April,26,229.75
2023,Qtr 2,April,27,231.75
2023,Qtr 2,April,28,233.10000610351562
2023,Qtr 2,May,2,236.10000610351562
2023,Qtr 2,May,3,236.89999389648438
2023,Qtr 2,May,4,237.4499969482422
2023,Qtr 2,May,5,237.39999389648438
2023,Qtr 2,May,8,232.85000610351562
2023,Qtr 2,May,9,236.35000610351562
2023,Qtr 2,May,10,236.5500030517578
2023,Qtr 2,May,11,236.14999389648438
2023,Qtr 2,May,12,235.0500030517578
2023,Qtr 2,May,15,237.6999969482422
2023,Qtr 2,May,16,240.9499969482422
2023,Qtr 2,May,17,241.60000610351562
2023,Qtr 2,May,18,239.60000610351562
2023,Qtr 2,May,19,239.89999389648438
2023,Qtr 2,May,22,238.6999969482422
2023,Qtr 2,May,23,239.3000030517578
2023,Qtr 2,May,24,241
2023,Qtr 2,May,25,240.0500030517578
2023,Qtr 2,May,26,241.5
2023,Qtr 2,May,29,246.10000610351562
2023,Qtr 2,May,30,244.3000030517578
2023,Qtr 2,May,31,241.25
2023,Qtr 2,June,1,230.35000610351562
2023,Qtr 2,June,2,230.89999389648438
2023,Qtr 2,June,5,229.6999969482422
2023,Qtr 2,June,6,227.8000030517578
2023,Qtr 2,June,7,230.6999969482422
2023,Qtr 2,June,8,228.10000610351562
2023,Qtr 2,June,9,227.64999389648438
2023,Qtr 2,June,12,229
2023,Qtr 2,June,13,228.9499969482422
2023,Qtr 2,June,14,228.9499969482422
2023,Qtr 2,June,15,228.60000610351562
2023,Qtr 2,June,16,228.5500030517578
2023,Qtr 2,June,19,227.14999389648438
2023,Qtr 2,June,20,227.25
2023,Qtr 2,June,21,228.4499969482422
2023,Qtr 2,June,22,226.9499969482422
2023,Qtr 2,June,23,225.89999389648438
2023,Qtr 2,June,26,224.3000030517578
2023,Qtr 2,June,27,225.14999389648438
2023,Qtr 2,June,28,227.25
2023,Qtr 2,June,30,231
2023,Qtr 3,July,3,231.64999389648438
2023,Qtr 3,July,4,231.8000030517578
2023,Qtr 3,July,5,231.39999389648438
2023,Qtr 3,July,6,234.60000610351562
2023,Qtr 3,July,7,234
2023,Qtr 3,July,10,233.75
2023,Qtr 3,July,11,234
2023,Qtr 3,July,12,234.39999389648438
2023,Qtr 3,July,13,229.89999389648438
2023,Qtr 3,July,14,231.0500030517578
2023,Qtr 3,July,17,230.1999969482422
2023,Qtr 3,July,18,228.25
2023,Qtr 3,July,19,228.60000610351562
2023,Qtr 3,July,20,229.75
2023,Qtr 3,July,21,229
2023,Qtr 3,July,24,230.9499969482422
2023,Qtr 3,July,25,229.9499969482422
2023,Qtr 3,July,26,230.5
2023,Qtr 3,July,27,229.0500030517578
2023,Qtr 3,July,28,227.10000610351562
2023,Qtr 3,July,31,229.25
2023,Qtr 3,August,1,240.35000610351562
2023,Qtr 3,August,2,234.5500030517578
2023,Qtr 3,August,3,230.0500030517578
2023,Qtr 3,August,4,233.75
2023,Qtr 3,August,7,232.9499969482422
2023,Qtr 3,August,8,230.25
2023,Qtr 3,August,9,234.75
2023,Qtr 3,August,10,234.89999389648438
2023,Qtr 3,August,11,234.89999389648438
2023,Qtr 3,August,14,233.89999389648438
2023,Qtr 3,August,16,233.0500030517578
2023,Qtr 3,August,17,232.3000030517578
2023,Qtr 3,August,18,227.4499969482422
2023,Qtr 3,August,21,230.10000610351562
2023,Qtr 3,August,22,230.75
2023,Qtr 3,August,23,230.89999389648438
2023,Qtr 3,August,24,229.25
2023,Qtr 3,August,25,227.6999969482422
2023,Qtr 3,August,28,229.4499969482422
2023,Qtr 3,August,29,229.9499969482422
2023,Qtr 3,August,30,228.75
2023,Qtr 3,August,31,230.0500030517578
2023,Qtr 3,September,1,236.89999389648438
2023,Qtr 3,September,4,247.8000030517578
2023,Qtr 3,September,5,255.35000610351562
2023,Qtr 3,September,6,255.8000030517578
2023,Qtr 3,September,7,274
2023,Qtr 3,September,8,282.1000061035156
2023,Qtr 3,September,11,278.95001220703125
2023,Qtr 3,September,12,270.75
2023,Qtr 3,September,13,279.6499938964844
2023,Qtr 3,September,14,277.54998779296875
2023,Qtr 3,September,15,279.29998779296875
2023,Qtr 3,September,18,281.25
2023,Qtr 3,September,20,284.29998779296875
2023,Qtr 3,September,21,280.45001220703125
2023,Qtr 3,September,22,283.3500061035156
2023,Qtr 3,September,25,288.04998779296875
2023,Qtr 3,September,26,286.75
2023,Qtr 3,September,27,291.54998779296875
2023,Qtr 3,September,28,290.20001220703125
2023,Qtr 3,September,29,295.20001220703125
2023,Qtr 4,October,3,291.8999938964844
2023,Qtr 4,October,4,287.95001220703125
2023,Qtr 4,October,5,289.3500061035156
2023,Qtr 4,October,6,287.79998779296875
2023,Qtr 4,October,9,287.79998779296875
2023,Qtr 4,October,10,303.25
2023,Qtr 4,October,11,301.8500061035156
2023,Qtr 4,October,12,307.20001220703125
2023,Qtr 4,October,13,307.95001220703125
2023,Qtr 4,October,16,312
2023,Qtr 4,October,17,317.3999938964844
2023,Qtr 4,October,18,316.95001220703125
2023,Qtr 4,October,19,314.79998779296875
2023,Qtr 4,October,20,312.3999938964844
2023,Qtr 4,October,23,306.1000061035156
2023,Qtr 4,October,25,310.29998779296875
2023,Qtr 4,October,26,305.25
2023,Qtr 4,October,27,313.95001220703125
2023,Qtr 4,October,30,314.54998779296875
2023,Qtr 4,October,31,314.25
2023,Qtr 4,November,1,306.6499938964844
2023,Qtr 4,November,2,308.8500061035156
2023,Qtr 4,November,3,312
2023,Qtr 4,November,6,316.54998779296875
2023,Qtr 4,November,7,314.25
2023,Qtr 4,November,8,317.3999938964844
2023,Qtr 4,November,9,323.54998779296875
2023,Qtr 4,November,10,323.3999938964844
2023,Qtr 4,November,13,349.3500061035156
2023,Qtr 4,November,15,350.6000061035156
2023,Qtr 4,November,16,345.79998779296875
2023,Qtr 4,November,17,345.25
2023,Qtr 4,November,20,347.75
2023,Qtr 4,November,21,334.20001220703125
2023,Qtr 4,November,22,332.1499938964844
2023,Qtr 4,November,23,334.45001220703125
2023,Qtr 4,November,24,332.79998779296875
2023,Qtr 4,November,28,341.95001220703125
2023,Qtr 4,November,29,342.3500061035156
2023,Qtr 4,November,30,342.1499938964844
2023,Qtr 4,December,1,346.6499938964844
2023,Qtr 4,December,4,354.70001220703125
2023,Qtr 4,December,5,355.54998779296875
2023,Qtr 4,December,6,352.1499938964844
2023,Qtr 4,December,7,351.95001220703125
2023,Qtr 4,December,8,351
2023,Qtr 4,December,11,353.6499938964844
2023,Qtr 4,December,12,347.5
2023,Qtr 4,December,13,345.20001220703125
2023,Qtr 4,December,14,347.6000061035156
2023,Qtr 4,December,15,350
2023,Qtr 4,December,18,347.6499938964844
2023,Qtr 4,December,19,366.95001220703125
2023,Qtr 4,December,20,352.1499938964844
2023,Qtr 4,December,21,355.5
2023,Qtr 4,December,22,363.25
2023,Qtr 4,December,26,366.04998779296875
2023,Qtr 4,December,27,365.6000061035156
2023,Qtr 4,December,28,380.95001220703125
2023,Qtr 4,December,29,376
2024,Qtr 1,January,1,381.79998779296875
2024,Qtr 1,January,2,392.6499938964844
2024,Qtr 1,January,3,384.54998779296875
2024,Qtr 1,January,4,384.75
2024,Qtr 1,January,5,384.25
2024,Qtr 1,January,8,380.3999938964844
2024,Qtr 1,January,9,385.3500061035156
2024,Qtr 1,January,10,382.04998779296875
2024,Qtr 1,January,11,384.3500061035156
2024,Qtr 1,January,12,381.1000061035156
2024,Qtr 1,January,15,384.6499938964844
2024,Qtr 1,January,16,381.8999938964844
2024,Qtr 1,January,17,379.6499938964844
2024,Qtr 1,January,18,375.6499938964844
2024,Qtr 1,January,19,383.25
2024,Qtr 1,January,23,375.29998779296875
2024,Qtr 1,January,24,382.6000061035156
2024,Qtr 1,January,25,389.3999938964844
2024,Qtr 1,January,29,412.79998779296875
2024,Qtr 1,January,30,402.54998779296875
2024,Qtr 1,January,31,406.1499938964844
2024,Qtr 1,February,1,406.70001220703125
2024,Qtr 1,February,2,419.79998779296875
2024,Qtr 1,February,5,440.25
2024,Qtr 1,February,6,448.6499938964844
2024,Qtr 1,February,7,452.6499938964844
2024,Qtr 1,February,8,459.20001220703125
2024,Qtr 1,February,9,456.20001220703125
2024,Qtr 1,February,12,432.79998779296875
2024,Qtr 1,February,13,452.3500061035156
2024,Qtr 1,February,14,466.3500061035156
2024,Qtr 1,February,15,476.8500061035156
2024,Qtr 1,February,16,480
2024,Qtr 1,February,19,461
2024,Qtr 1,February,20,446.5
2024,Qtr 1,February,21,432.95001220703125
2024,Qtr 1,February,22,445.1499938964844
2024,Qtr 1,February,23,443.8999938964844
2024,Qtr 1,February,26,442.29998779296875
2024,Qtr 1,February,27,441.3999938964844
2024,Qtr 1,February,28,434.20001220703125
2024,Qtr 1,February,29,436.70001220703125
2024,Qtr 1,March,1,446.3500061035156
2024,Qtr 1,March,4,455.3999938964844
2024,Qtr 1,March,5,460.6499938964844
2024,Qtr 1,March,6,461.6000061035156
2024,Qtr 1,March,7,458.6000061035156
2024,Qtr 1,March,11,453.8999938964844
2024,Qtr 1,March,12,449.29998779296875
2024,Qtr 1,March,13,417.04998779296875
2024,Qtr 1,March,14,427.70001220703125
2024,Qtr 1,March,15,415.25
2024,Qtr 1,March,18,421.8500061035156
2024,Qtr 1,March,19,419.04998779296875
2024,Qtr 1,March,20,419.5
2024,Qtr 1,March,21,432.04998779296875
2024,Qtr 1,March,22,431.95001220703125
2024,Qtr 1,March,26,435.95001220703125
2024,Qtr 1,March,27,429.45001220703125
2024,Qtr 1,March,28,434.1000061035156
2024,Qtr 2,April,1,442.04998779296875
2024,Qtr 2,April,2,443.20001220703125
2024,Qtr 2,April,3,445.5
2024,Qtr 2,April,4,448.8500061035156
2024,Qtr 2,April,5,446.95001220703125
2024,Qtr 2,April,8,447.3999938964844
2024,Qtr 2,April,9,439.8500061035156
2024,Qtr 2,April,10,456.3500061035156
2024,Qtr 2,April,12,455.6000061035156
2024,Qtr 2,April,15,451
2024,Qtr 2,April,16,453.20001220703125
2024,Qtr 2,April,18,438.6000061035156
2024,Qtr 2,April,19,435.29998779296875
2024,Qtr 2,April,22,442.95001220703125
2024,Qtr 2,April,23,440.95001220703125
2024,Qtr 2,April,24,443.8500061035156
2024,Qtr 2,April,25,452.45001220703125
2024,Qtr 2,April,26,455.79998779296875
2024,Qtr 2,April,29,453.25
2024,Qtr 2,April,30,454.29998779296875
2024,Qtr 2,May,2,453.8999938964844
2024,Qtr 2,May,3,474.6000061035156
2024,Qtr 2,May,6,460.6000061035156
2024,Qtr 2,May,7,456
2024,Qtr 2,May,8,464.45001220703125
2024,Qtr 2,May,9,443.5
2024,Qtr 2,May,10,449.3999938964844
2024,Qtr 2,May,13,444
2024,Qtr 2,May,14,448.70001220703125
2024,Qtr 2,May,15,467.8500061035156
2024,Qtr 2,May,16,468.29998779296875
2024,Qtr 2,May,17,470.25
2024,Qtr 2,May,21,490.6499938964844
2024,Qtr 2,May,22,501.70001220703125
2024,Qtr 2,May,23,497.29998779296875
2024,Qtr 2,May,24,501
2024,Qtr 2,May,27,494.45001220703125
2024,Qtr 2,May,28,487.6499938964844
2024,Qtr 2,May,29,486.45001220703125
2024,Qtr 2,May,30,482.1499938964844
2024,Qtr 2,May,31,491.20001220703125
2024,Qtr 2,June,3,512.3499755859375
2024,Qtr 2,June,4,441.8999938964844
2024,Qtr 2,June,5,460.54998779296875
2024,Qtr 2,June,6,472.95001220703125
2024,Qtr 2,June,7,479.1499938964844
2024,Qtr 2,June,10,477.70001220703125
2024,Qtr 2,June,11,476.3500061035156
2024,Qtr 2,June,12,488.70001220703125
2024,Qtr 2,June,13,487.8999938964844
2024,Qtr 2,June,14,486.95001220703125
2024,Qtr 2,June,18,489.04998779296875
2024,Qtr 2,June,19,477.95001220703125
2024,Qtr 2,June,20,483.1499938964844
2024,Qtr 2,June,21,480.20001220703125
2024,Qtr 2,June,24,473.70001220703125
2024,Qtr 2,June,25,469.25
2024,Qtr 2,June,26,468.75
2024,Qtr 2,June,27,467.04998779296875
2024,Qtr 2,June,28,473.1499938964844
2024,Qtr 3,July,1,474.79998779296875
2024,Qtr 3,July,2,479.1000061035156
2024,Qtr 3,July,3,484.95001220703125
2024,Qtr 3,July,4,489.54998779296875
2024,Qtr 3,July,5,491.5
2024,Qtr 3,July,8,493.29998779296875
2024,Qtr 3,July,9,493.79998779296875
2024,Qtr 3,July,10,490.75
2024,Qtr 3,July,11,500.04998779296875
2024,Qtr 3,July,12,496.20001220703125
2024,Qtr 3,July,15,497.75
2024,Qtr 3,July,16,512.4500122070312
2024,Qtr 3,July,18,505.25
2024,Qtr 3,July,19,488
2024,Qtr 3,July,22,491.20001220703125
2024,Qtr 3,July,23,487
2024,Qtr 3,July,24,493.79998779296875
2024,Qtr 3,July,25,494
2024,Qtr 3,July,26,509.8500061035156
2024,Qtr 3,July,29,512.1500244140625
2024,Qtr 3,July,30,519.3499755859375
2024,Qtr 3,July,31,522.2000122070312
2024,Qtr 3,August,1,540.4000244140625
2024,Qtr 3,August,2,524.5
2024,Qtr 3,August,5,506.79998779296875
2024,Qtr 3,August,6,499.6000061035156
2024,Qtr 3,August,7,531.5
2024,Qtr 3,August,8,523.4500122070312
2024,Qtr 3,August,9,529.7999877929688
2024,Qtr 3,August,12,523.9500122070312
2024,Qtr 3,August,13,521.75
2024,Qtr 3,August,14,504.70001220703125
2024,Qtr 3,August,16,512.2999877929688
2024,Qtr 3,August,19,522
2024,Qtr 3,August,20,524.5999755859375
2024,Qtr 3,August,21,532.2000122070312
2024,Qtr 3,August,22,528.8499755859375
2024,Qtr 3,August,23,538.8499755859375
2024,Qtr 3,August,26,538.0999755859375
2024,Qtr 3,August,27,531.4000244140625
2024,Qtr 3,August,28,526.3499755859375
2024,Qtr 3,August,29,527.5499877929688
2024,Qtr 3,August,30,524.9500122070312
2024,Qtr 3,September,2,520.8499755859375
2024,Qtr 3,September,3,519.5999755859375
2024,Qtr 3,September,4,503.6499938964844
2024,Qtr 3,September,5,497
2024,Qtr 3,September,6,488.54998779296875
2024,Qtr 3,September,9,484.45001220703125
2024,Qtr 3,September,10,491.1000061035156
2024,Qtr 3,September,11,483.95001220703125
2024,Qtr 3,September,12,495.6499938964844
2024,Qtr 3,September,13,490.25
2024,Qtr 3,September,16,493.25
2024,Qtr 3,September,17,488.5
2024,Qtr 3,September,18,487.1000061035156
2024,Qtr 3,September,19,477.95001220703125
2024,Qtr 3,September,20,490.95001220703125
2024,Qtr 3,September,23,500.6000061035156
2024,Qtr 3,September,24,504.29998779296875
2024,Qtr 3,September,25,505.29998779296875
2024,Qtr 3,September,26,506.54998779296875
2024,Qtr 3,September,27,516.0999755859375
2024,Qtr 3,September,30,510.1499938964844
2024,Qtr 4,October,1,508.5
2024,Qtr 4,October,3,502.3500061035156
2024,Qtr 4,October,4,497.20001220703125
2024,Qtr 4,October,7,480.45001220703125
2024,Qtr 4,October,8,491.8500061035156
2024,Qtr 4,October,9,486.95001220703125
2024,Qtr 4,October,10,488.1000061035156
2024,Qtr 4,October,11,492.95001220703125
2024,Qtr 4,October,14,498.29998779296875
2024,Qtr 4,October,15,494.45001220703125
2024,Qtr 4,October,16,495.75
2024,Qtr 4,October,17,489.8999938964844
2024,Qtr 4,October,18,492.20001220703125
2024,Qtr 4,October,21,485.3999938964844
2024,Qtr 4,October,22,468.3500061035156
2024,Qtr 4,October,23,474.1000061035156
2024,Qtr 4,October,24,477.25
2024,Qtr 4,October,25,461.1000061035156
2024,Qtr 4,October,28,441.6499938964844
2024,Qtr 4,October,29,445.54998779296875
2024,Qtr 4,October,30,449.1499938964844
2024,Qtr 4,October,31,452.04998779296875
2024,Qtr 4,November,1,454.1499938964844
2024,Qtr 4,November,4,443.29998779296875
2024,Qtr 4,November,5,434.8999938964844
2024,Qtr 4,November,6,435.79998779296875
2024,Qtr 4,November,7,435.3500061035156
2024,Qtr 4,November,8,424.04998779296875
2024,Qtr 4,November,11,421.54998779296875
2024,Qtr 4,November,12,414.04998779296875
2024,Qtr 4,November,13,406.8999938964844
2024,Qtr 4,November,14,409.75
2024,Qtr 4,November,18,413.3500061035156
2024,Qtr 4,November,19,412.25
2024,Qtr 4,November,21,406
2024,Qtr 4,November,22,414.04998779296875
2024,Qtr 4,November,25,417.45001220703125
2024,Qtr 4,November,26,411.5
2024,Qtr 4,November,27,417.1499938964844
2024,Qtr 4,November,28,415.20001220703125
2024,Qtr 4,November,29,416.3999938964844
2024,Qtr 4,December,2,421.70001220703125
2024,Qtr 4,December,3,422.1000061035156
2024,Qtr 4,December,4,416.6499938964844
2024,Qtr 4,December,5,418.3999938964844
2024,Qtr 4,December,6,417.1499938964844
